pit_multi_loss,si_sdr,accuracy_metric,probnorm_acc_metric
0.0037826894782483577,26.879803718566894,94.52083333333333,0.9456152141392231
