pit_multi_loss,si_sdr,accuracy_metric,probnorm_acc_metric
0.0037334655669983476,18.302128301620485,99.79375,0.9979507873952389
