pit_multi_loss,si_sdr,accuracy_metric,probnorm_acc_metric
0.0035813147546723484,18.201056617736818,100.0,1.0
