nll_loss,accuracy
0.014050698518019163,99.51171875
