nll_loss,accuracy
0.016645962388416435,99.4140625
