nll_loss,accuracy
0.000357939619418099,99.98287671232876
